<?xml version="1.0"?>
<config xmlns:xsi="http://www.w3.org/2001/XMLSchema-instance" xsi:noNamespaceSchemaLocation="urn:magento:framework:ObjectManager/etc/config.xsd">

    <!--
    <virtualType name="PechoSolutions\Visanet\Model\ConfigProvider" type="Magento\Payment\Model\CcGenericConfigProvider">
        <arguments>
            <argument name="methodCodes" xsi:type="array">
                <item name="visanet_pay" xsi:type="const">Vexsoluciones\Visanet\Model\Payment::CODE</item>
            </argument>
        </arguments>
    </virtualType>-->

    <virtualType name="PechoSolutions\Visanet\Model\Config" type="Magento\Payment\Gateway\Config\Config">
        <arguments>
            <argument name="methodCode" xsi:type="const">PechoSolutions\Visanet\Model\Payment::CODE</argument>
        </arguments>
    </virtualType>

    <type name="PechoSolutions\Visanet\Model\AdditionalConfigProvider">
        <arguments>
            <argument name="config" xsi:type="object">PechoSolutions\Visanet\Model\Config</argument>
        </arguments>
    </type>
    <type name="Magento\Checkout\Model\CompositeConfigProvider">
        <arguments>
            <argument name="configProviders" xsi:type="array">
                <!-- <item name="culqi_pay_config_provider" xsi:type="object">PechoSolutions\Visanet\Model\ConfigProvider</item> -->
                <item name="visanet_pay_additional_provider" xsi:type="object">PechoSolutions\Visanet\Model\AdditionalConfigProvider</item>
                <!-- <item name="additional_config_provider" xsi:type="object">PechoSolutions\Visanet\Model\AdditionalConfigProvider</item> -->
            </argument>
        </arguments>
    </type>

    <type name="PechoSolutions\Visanet\Model\LogData">
        <arguments>
            <argument name="config" xsi:type="object">PechoSolutions\Visanet\Model\Config</argument>
        </arguments>
    </type>
    <type name="PechoSolutions\Visanet\Model\Payment">
        <arguments>
            <argument name="logRequest" xsi:type="object">PechoSolutions\Visanet\Model\LogData</argument>
        </arguments>
    </type> 
   
    <type name="Magento\Framework\App\RouterList">
        <arguments>
           <argument name="routerList" xsi:type="array">
               <item name="visanet" xsi:type="array">
                   <item name="class" xsi:type="string">PechoSolutions\Visanet\Controller\Visa\Router</item>
                   <item name="disable" xsi:type="boolean">false</item>
                   <item name="sortOrder" xsi:type="string">40</item>
               </item>
           </argument>
        </arguments>
    </type> 

    <type name="Magento\Payment\Model\CcGenericConfigProvider">
        <arguments>
            <argument name="methodCodes" xsi:type="array">
                <item name="visanet_pay" xsi:type="const">PechoSolutions\Visanet\Model\Payment::CODE</item>
            </argument>
        </arguments>
    </type>
</config>
